{
  "info": {
    "name": "Express.js Routing API",
    "description": "Коллекция для тестирования Express.js роутинга",
    "schema": "https://schema.getpostman.com/json/collection/v2.1.0/collection.json"
  },
  "item": [
    {
      "name": "Базовые запросы",
      "item": [
        {
          "name": "Главная страница",
          "request": {
            "method": "GET",
            "header": [],
            "url": "http://localhost:3000"
          }
        },
        {
          "name": "Документация API",
          "request": {
            "method": "GET",
            "header": [],
            "url": "http://localhost:3000/api/docs"
          }
        }
      ]
    },
    {
      "name": "Пользователи",
      "item": [
        {
          "name": "Получить всех пользователей",
          "request": {
            "method": "GET",
            "header": [],
            "url": "http://localhost:3000/api/users"
          }
        },
        {
          "name": "Получить пользователя по ID",
          "request": {
            "method": "GET",
            "header": [],
            "url": "http://localhost:3000/api/users/1"
          }
        },
        {
          "name": "Создать пользователя",
          "request": {
            "method": "POST",
            "header": [
              {
                "key": "Content-Type",
                "value": "application/json"
              }
            ],
            "body": {
              "mode": "raw",
              "raw": "{\n  \"name\": \"Новый пользователь\",\n  \"email\": \"new@example.com\",\n  \"age\": 28,\n  \"role\": \"user\"\n}"
            },
            "url": "http://localhost:3000/api/users"
          }
        },
        {
          "name": "Обновить пользователя",
          "request": {
            "method": "PUT",
            "header": [
              {
                "key": "Content-Type",
                "value": "application/json"
              }
            ],
            "body": {
              "mode": "raw",
              "raw": "{\n  \"name\": \"Обновленное имя\",\n  \"email\": \"updated@example.com\",\n  \"age\": 29,\n  \"role\": \"admin\"\n}"
            },
            "url": "http://localhost:3000/api/users/1"
          }
        },
        {
          "name": "Удалить пользователя",
          "request": {
            "method": "DELETE",
            "header": [],
            "url": "http://localhost:3000/api/users/1"
          }
        }
      ]
    },
    {
      "name": "Товары",
      "item": [
        {
          "name": "Получить все товары",
          "request": {
            "method": "GET",
            "header": [],
            "url": "http://localhost:3000/api/products"
          }
        },
        {
          "name": "Создать товар",
          "request": {
            "method": "POST",
            "header": [
              {
                "key": "Content-Type",
                "value": "application/json"
              }
            ],
            "body": {
              "mode": "raw",
              "raw": "{\n  \"name\": \"Новый товар\",\n  \"price\": 10000,\n  \"category\": \"Электроника\",\n  \"description\": \"Описание нового товара\",\n  \"stockQuantity\": 10,\n  \"tags\": [\"новинка\", \"электроника\"]\n}"
            },
            "url": "http://localhost:3000/api/products"
          }
        }
      ]
    }
  ]
}