{
  "info": {
    "name": "Node.js Server API",
    "description": "Коллекция запросов для тестирования сервера",
    "schema": "https://schema.getpostman.com/json/collection/v2.1.0/collection.json"
  },
  "item": [
    {
      "name": "Пользователи",
      "item": [
        {
          "name": "Получить всех пользователей",
          "request": {
            "method": "GET",
            "header": [],
            "url": {
              "raw": "http://localhost:3000/api/users",
              "protocol": "http",
              "host": ["localhost"],
              "port": "3000",
              "path": ["api", "users"]
            }
          }
        },
        {
          "name": "Получить пользователя по ID",
          "request": {
            "method": "GET",
            "header": [],
            "url": {
              "raw": "http://localhost:3000/api/users/1",
              "protocol": "http",
              "host": ["localhost"],
              "port": "3000",
              "path": ["api", "users", "1"]
            }
          }
        },
        {
          "name": "Создать пользователя",
          "request": {
            "method": "POST",
            "header": [
              {
                "key": "Content-Type",
                "value": "application/x-www-form-urlencoded"
              }
            ],
            "body": {
              "mode": "urlencoded",
              "urlencoded": [
                {
                  "key": "name",
                  "value": "Новый пользователь"
                },
                {
                  "key": "email",
                  "value": "new@example.com"
                }
              ]
            },
            "url": {
              "raw": "http://localhost:3000/api/users",
              "protocol": "http",
              "host": ["localhost"],
              "port": "3000",
              "path": ["api", "users"]
            }
          }
        }
      ]
    },
    {
      "name": "Продукты",
      "item": [
        {
          "name": "Получить все продукты",
          "request": {
            "method": "GET",
            "header": [],
            "url": {
              "raw": "http://localhost:3000/api/products",
              "protocol": "http",
              "host": ["localhost"],
              "port": "3000",
              "path": ["api", "products"]
            }
          }
        }
      ]
    }
  ]
}