{
  "info": {
    "name": "Books REST API",
    "description": "Коллекция для тестирования REST API управления книгами",
    "schema": "https://schema.getpostman.com/json/collection/v2.1.0/collection.json"
  },
  "item": [
    {
      "name": "Базовые запросы",
      "item": [
        {
          "name": "Главная страница с документацией",
          "request": {
            "method": "GET",
            "header": [],
            "url": "http://localhost:3000"
          }
        },
        {
          "name": "Статистика книг",
          "request": {
            "method": "GET",
            "header": [],
            "url": "http://localhost:3000/api/books/stats"
          }
        }
      ]
    },
    {
      "name": "CRUD операции с книгами",
      "item": [
        {
          "name": "Получить все книги",
          "request": {
            "method": "GET",
            "header": [],
            "url": "http://localhost:3000/api/books"
          }
        },
        {
          "name": "Получить книгу по ID",
          "request": {
            "method": "GET",
            "header": [],
            "url": "http://localhost:3000/api/books/1"
          }
        },
        {
          "name": "Создать новую книгу",
          "request": {
            "method": "POST",
            "header": [
              {
                "key": "Content-Type",
                "value": "application/json"
              }
            ],
            "body": {
              "mode": "raw",
              "raw": "{\n  \"title\": \"Node.js Design Patterns\",\n  \"author\": \"Mario Casciaro\",\n  \"isbn\": \"978-1783287314\",\n  \"genre\": \"Programming\",\n  \"year\": 2014,\n  \"publisher\": \"Packt Publishing\",\n  \"pages\": 454,\n  \"description\": \"Learn proven patterns, techniques, and tricks to take full advantage of the Node.js platform\",\n  \"price\": 39.99\n}"
            },
            "url": "http://localhost:3000/api/books"
          }
        },
        {
          "name": "Полное обновление книги (PUT)",
          "request": {
            "method": "PUT",
            "header": [
              {
                "key": "Content-Type",
                "value": "application/json"
              }
            ],
            "body": {
              "mode": "raw",
              "raw": "{\n  \"title\": \"JavaScript: The Good Parts (Updated)\",\n  \"author\": \"Douglas Crockford\",\n  \"isbn\": \"978-0596517748\",\n  \"genre\": \"Programming\",\n  \"year\": 2008,\n  \"publisher\": \"O'Reilly Media\",\n  \"pages\": 176,\n  \"description\": \"Updated edition of the classic JavaScript book\",\n  \"inStock\": true,\n  \"price\": 29.99\n}"
            },
            "url": "http://localhost:3000/api/books/1"
          }
        },
        {
          "name": "Частичное обновление книги (PATCH)",
          "request": {
            "method": "PATCH",
            "header": [
              {
                "key": "Content-Type",
                "value": "application/json"
              }
            ],
            "body": {
              "mode": "raw",
              "raw": "{\n  \"price\": 19.99,\n  \"inStock\": false\n}"
            },
            "url": "http://localhost:3000/api/books/3"
          }
        },
        {
          "name": "Удалить книгу",
          "request": {
            "method": "DELETE",
            "header": [],
            "url": "http://localhost:3000/api/books/5"
          }
        }
      ]
    },
    {
      "name": "Фильтрация и поиск",
      "item": [
        {
          "name": "Фильтрация по автору и жанру",
          "request": {
            "method": "GET",
            "header": [],
            "url": "http://localhost:3000/api/books?author=Orwell&genre=Dystopian"
          }
        },
        {
          "name": "Пагинация",
          "request": {
            "method": "GET",
            "header": [],
            "url": "http://localhost:3000/api/books?page=1&limit=2"
          }
        },
        {
          "name": "Поиск книг",
          "request": {
            "method": "GET",
            "header": [],
            "url": "http://localhost:3000/api/books/search?q=javascript"
          }
        },
        {
          "name": "Фильтрация по наличию и цене",
          "request": {
            "method": "GET",
            "header": [],
            "url": "http://localhost:3000/api/books?inStock=true&minPrice=10&maxPrice=30"
          }
        }
      ]
    }
  ]
}